{
  "project_info": {
    "project_number": "194630160463",
    "firebase_url": "https://seg2105-project-143f7.firebaseio.com",
    "project_id": "seg2105-project-143f7",
    "storage_bucket": "seg2105-project-143f7.appspot.com"
  },
  "client": [
    {
      "client_info": {
        "mobilesdk_app_id": "1:194630160463:android:b3751e03278a3a90",
        "android_client_info": {
          "package_name": "ca.harshgupta.seg2105"
        }
      },
      "oauth_client": [
        {
          "client_id": "194630160463-o4joj8qmarkbo0pf3sd742vhf2kslbhq.apps.googleusercontent.com",
          "client_type": 3
        }
      ],
      "api_key": [
        {
          "current_key": "AIzaSyBuJ95QoQuGcnzZpW5F-nYN8RsF6d2XXho"
        }
      ],
      "services": {
        "analytics_service": {
          "status": 1
        },
        "appinvite_service": {
          "status": 1,
          "other_platform_oauth_client": []
        },
        "ads_service": {
          "status": 2
        }
      }
    },
    {
      "client_info": {
        "mobilesdk_app_id": "1:194630160463:android:241b02c8b433e28f",
        "android_client_info": {
          "package_name": "ca.harshgupta.seg2105_project"
        }
      },
      "oauth_client": [
        {
          "client_id": "194630160463-pg18baff386g7lh04lcrc8vdhfhhh2rq.apps.googleusercontent.com",
          "client_type": 1,
          "android_info": {
            "package_name": "ca.harshgupta.seg2105_project",
            "certificate_hash": "d56eaf4770940c5f20bc06d52dd01954d7bfa75b"
          }
        },
        {
          "client_id": "194630160463-c3e8m1vo9fknsp6clcrsm90cdoc8pdps.apps.googleusercontent.com",
          "client_type": 1,
          "android_info": {
            "package_name": "ca.harshgupta.seg2105_project",
            "certificate_hash": "4eee68a79ebf64e36f7a0bffcddee8cbe68fc7de"
          }
        },
        {
          "client_id": "194630160463-imu07qlglrspnosch3fpg75mmtqu17ht.apps.googleusercontent.com",
          "client_type": 1,
          "android_info": {
            "package_name": "ca.harshgupta.seg2105_project",
            "certificate_hash": "70fb4fbbfc3d5d26a4927730d5260f310e104270"
          }
        },
        {
          "client_id": "194630160463-o4joj8qmarkbo0pf3sd742vhf2kslbhq.apps.googleusercontent.com",
          "client_type": 3
        }
      ],
      "api_key": [
        {
          "current_key": "AIzaSyBuJ95QoQuGcnzZpW5F-nYN8RsF6d2XXho"
        }
      ],
      "services": {
        "analytics_service": {
          "status": 1
        },
        "appinvite_service": {
          "status": 2,
          "other_platform_oauth_client": [
            {
              "client_id": "194630160463-o4joj8qmarkbo0pf3sd742vhf2kslbhq.apps.googleusercontent.com",
              "client_type": 3
            }
          ]
        },
        "ads_service": {
          "status": 2
        }
      }
    }
  ],
  "configuration_version": "1"
}